ResNo,Insertion,ResLabel,ResPos,Epitope,Dist_to_VRC01
44,0,44,0,interface,62.2387
45,0,45,1,interface,59.70989
46,0,46,2,interface,56.59419
47,0,47,3,interface,53.84046
49,0,49,4,CD4_binding_site,54.0475
58,0,58,5,interface,73.882256
82,0,82,6,interface,69.47469
83,0,83,7,interface,66.197754
84,0,84,8,interface,66.85796
88,0,88,9,interface,61.862137
89,0,89,10,interface,59.166008
90,0,90,11,interface,55.44739
91,0,91,12,interface,53.414165
92,0,92,13,interface,49.666283
93,0,93,14,interface,49.122086
94,0,94,15,interface,46.08326
96,0,96,16,CD4_binding_site,43.124172
97,0,97,17,CD4_binding_site,44.29007
98,0,98,18,CD4_binding_site,47.8614
99,0,99,19,CD4_binding_site,49.865192
102,0,102,20,CD4_binding_site,49.21183
105,0,105,21,CD4_binding_site,51.255283
109,0,109,22,CD4_binding_site,54.050053
117,0,117,23,V2_apex,63.859474
121,0,121,24,V2_apex,63.76338
122,0,122,25,CD4_binding_site,62.789913
123,0,123,26,V2_apex,62.127895
124,0,124,27,V2_apex,64.09739
127,0,127,28,V2_apex,61.108566
134,0,134,29,V3_glycan,63.900467
135,0,135,30,V3_glycan,66.74549
136,0,136,31,V3_glycan,65.14599
137,0,137,32,V3_glycan,64.88798
139,0,139,33,V3_glycan,59.189335
140,0,140,34,V3_glycan,56.945187
156,0,156,35,V2_apex,63.743404
157,0,157,36,V2_apex,63.497982
158,0,158,37,V2_apex,66.36253
160,0,160,38,V2_apex,68.41727
161,0,161,39,V2_apex,68.877174
162,0,162,40,V2_apex,70.8219
162,1,162A,41,V2_apex,
163,0,163,42,V2_apex,74.42659
164,0,164,43,V2_apex,73.472824
165,0,165,44,V2_apex,71.21923
165,1,165A,45,V2_apex,
166,0,166,46,V2_apex,69.52287
167,0,167,47,V2_apex,70.57365
168,0,168,48,V2_apex,74.303474
168,1,168A,49,V2_apex,
169,0,169,50,V2_apex,73.72202
170,0,170,51,V2_apex,73.38684
171,0,171,52,V2_apex,71.43787
172,0,172,53,V2_apex,70.691826
173,0,173,54,V2_apex,68.340576
192,0,192,55,CD4_binding_site,56.319668
193,0,193,56,CD4_binding_site,55.842083
197,0,197,57,CD4_binding_site,50.745583
198,0,198,58,CD4_binding_site,49.172733
199,0,199,59,CD4_binding_site,52.163784
207,0,207,60,CD4_binding_site,70.207405
230,0,230,61,interface,55.35123
234,0,234,62,interface,46.11447
236,0,236,63,interface,45.085487
237,0,237,64,interface,46.387
238,0,238,65,interface,49.810898
240,0,240,66,interface,55.52376
241,0,241,67,interface,57.94449
245,0,245,68,interface,63.497902
246,0,246,69,interface,64.600655
262,0,262,70,V3_glycan,57.32018
275,0,275,71,CD4_binding_site,38.538048
276,0,276,72,CD4_binding_site,35.159412
277,0,277,73,interface,35.131863
278,0,278,74,CD4_binding_site,31.60446
279,0,279,75,CD4_binding_site,30.27265
280,0,280,76,CD4_binding_site,30.589182
281,0,281,77,CD4_binding_site,31.224537
282,0,282,78,CD4_binding_site,34.63653
283,0,283,79,CD4_binding_site,37.410263
301,0,301,80,V3_glycan,68.82489
303,0,303,81,V3_glycan,70.21648
304,0,304,82,V3_glycan,70.16324
306,0,306,83,CD4_binding_site,72.42207
308,0,308,84,CD4_binding_site,73.8847
309,0,309,85,V2_apex,71.58563
315,0,315,86,V2_apex,71.36378
315,1,315A,87,V2_apex,
315,2,315B,88,V2_apex,
316,0,316,89,CD4_binding_site,71.137596
318,0,318,90,CD4_binding_site,68.09632
321,0,321,91,V3_glycan,69.46588
322,0,322,92,V3_glycan,68.61959
323,0,323,93,V3_glycan,71.47206
323,1,323A,94,V3_glycan,
324,0,324,95,V3_glycan,70.88517
325,0,325,96,V3_glycan,67.83829
325,1,325A,97,V3_glycan,
325,2,325B,98,V3_glycan,
326,0,326,99,V3_glycan,64.37694
327,0,327,100,V3_glycan,62.082924
328,0,328,101,V3_glycan,58.66783
329,0,329,102,V3_glycan,57.799862
330,0,330,103,V3_glycan,56.34844
332,0,332,104,V3_glycan,56.93815
334,0,334,105,V3_glycan,56.77902
352,0,352,106,interface,37.71326
353,0,353,107,interface,35.274426
354,0,354,108,interface,36.639244
354,1,354A,109,interface,
354,2,354B,110,interface,
354,3,354C,111,interface,
354,8,354H,112,interface,
355,0,355,113,CD4_binding_site,39.656406
357,0,357,114,interface,36.318504
362,0,362,115,CD4_binding_site,38.353374
364,0,364,116,CD4_binding_site,38.29349
364,1,364A,117,CD4_binding_site,
364,2,364B,118,CD4_binding_site,
365,0,365,119,CD4_binding_site,34.868156
366,0,366,120,CD4_binding_site,36.23402
367,0,367,121,CD4_binding_site,37.711113
368,0,368,122,CD4_binding_site,41.13051
370,0,370,123,CD4_binding_site,45.126663
371,0,371,124,CD4_binding_site,42.446316
392,0,392,125,CD4_binding_site,42.58567
415,0,415,126,V3_glycan,55.165134
415,1,415A,127,V3_glycan,
415,2,415B,128,V3_glycan,
416,0,416,129,V3_glycan,52.490917
417,0,417,130,V3_glycan,52.93715
425,0,425,131,CD4_binding_site,50.414845
426,0,426,132,CD4_binding_site,49.862217
427,0,427,133,CD4_binding_site,48.29394
428,0,428,134,CD4_binding_site,45.751755
429,0,429,135,CD4_binding_site,48.554012
430,0,430,136,CD4_binding_site,47.917274
431,0,431,137,CD4_binding_site,51.218533
432,0,432,138,CD4_binding_site,53.782738
442,0,442,139,V3_glycan,67.680565
444,0,444,140,V3_glycan,63.876568
448,0,448,141,interface,57.403435
455,0,455,142,CD4_binding_site,36.168316
456,0,456,143,CD4_binding_site,33.419567
457,0,457,144,CD4_binding_site,30.234745
458,0,458,145,CD4_binding_site,27.0595
459,0,459,146,CD4_binding_site,24.694433
459,1,459A,147,CD4_binding_site,
459,2,459B,148,CD4_binding_site,
459,3,459C,149,CD4_binding_site,
459,4,459D,150,CD4_binding_site,
459,5,459E,151,CD4_binding_site,
459,6,459F,152,CD4_binding_site,
459,7,459G,153,CD4_binding_site,
459,8,459H,154,CD4_binding_site,
459,9,459I,155,CD4_binding_site,
459,12,459L,156,CD4_binding_site,
459,13,459M,157,CD4_binding_site,
459,14,459N,158,CD4_binding_site,
459,15,459O,159,CD4_binding_site,
459,16,459P,160,CD4_binding_site,
459,17,459Q,161,CD4_binding_site,
459,18,459R,162,CD4_binding_site,
460,0,460,163,CD4_binding_site,25.53843
461,0,461,164,CD4_binding_site,23.100035
462,0,462,165,CD4_binding_site,25.870296
463,0,463,166,CD4_binding_site,27.933468
464,0,464,167,CD4_binding_site,31.666386
465,0,465,168,CD4_binding_site,32.320583
466,0,466,169,CD4_binding_site,31.838438
467,0,467,170,CD4_binding_site,34.300816
469,0,469,171,CD4_binding_site,37.60632
470,0,470,172,CD4_binding_site,40.491714
471,0,471,173,CD4_binding_site,39.87948
472,0,472,174,CD4_binding_site,41.951927
473,0,473,175,CD4_binding_site,41.43032
474,0,474,176,CD4_binding_site,42.541683
475,0,475,177,CD4_binding_site,46.188553
476,0,476,178,CD4_binding_site,46.30126
477,0,477,179,CD4_binding_site,45.045006
480,0,480,180,CD4_binding_site,47.8113
487,0,487,181,interface,53.73532
512,0,512,182,interface,
513,0,513,183,interface,
513,1,513A,184,interface,
514,0,514,185,interface,
514,1,514A,186,interface,
515,0,515,187,interface,
516,0,516,188,interface,
516,1,516A,189,interface,
517,0,517,190,interface,
519,0,519,191,interface,72.41644
521,0,521,192,interface,71.07992
522,0,522,193,interface,69.19695
542,0,542,194,interface,72.01691
543,0,543,195,interface,70.12397
549,0,549,196,interface,
550,0,550,197,interface,
554,0,554,198,interface,
592,0,592,199,interface,71.792305
611,0,611,200,interface,68.091965
625,0,625,201,interface,66.49402
637,0,637,202,interface,57.514553
638,0,638,203,interface,61.046757
640,0,640,204,interface,63.380486
641,0,641,205,interface,64.385635
643,0,643,206,interface,68.20155
644,0,644,207,interface,68.9493
647,0,647,208,interface,73.53752
